<?xml version="1.0" encoding="UTF-8"?>

<mule xmlns:ee="http://www.mulesoft.org/schema/mule/ee/core"
	xmlns:json="http://www.mulesoft.org/schema/mule/json"
	xmlns:db="http://www.mulesoft.org/schema/mule/db"
	xmlns:http="http://www.mulesoft.org/schema/mule/http"
	xmlns:jms="http://www.mulesoft.org/schema/mule/jms"
	xmlns:tracking="http://www.mulesoft.org/schema/mule/ee/tracking"
	xmlns="http://www.mulesoft.org/schema/mule/core"
	xmlns:doc="http://www.mulesoft.org/schema/mule/documentation"
	xmlns:spring="http://www.springframework.org/schema/beans"
	xmlns:xsi="http://www.w3.org/2001/XMLSchema-instance"
	xsi:schemaLocation="http://www.springframework.org/schema/beans http://www.springframework.org/schema/beans/spring-beans-current.xsd
http://www.mulesoft.org/schema/mule/core http://www.mulesoft.org/schema/mule/core/current/mule.xsd
http://www.mulesoft.org/schema/mule/http http://www.mulesoft.org/schema/mule/http/current/mule-http.xsd
http://www.mulesoft.org/schema/mule/ee/tracking http://www.mulesoft.org/schema/mule/ee/tracking/current/mule-tracking-ee.xsd
http://www.mulesoft.org/schema/mule/db http://www.mulesoft.org/schema/mule/db/current/mule-db.xsd
http://www.mulesoft.org/schema/mule/jms http://www.mulesoft.org/schema/mule/jms/current/mule-jms.xsd
http://www.mulesoft.org/schema/mule/json http://www.mulesoft.org/schema/mule/json/current/mule-json.xsd
http://www.mulesoft.org/schema/mule/ee/core http://www.mulesoft.org/schema/mule/ee/core/current/mule-ee.xsd">

	<http:listener-config
		name="HTTP_Listener_Configuration"
		host="0.0.0.0"
		port="${http.port}"
		doc:name="HTTP Listener Configuration" />

	<spring:beans>
		<spring:bean
			id="Bean"
			name="DerbyDataSource"
			class="com.mulesoft.training.Database" />
	</spring:beans>

	<db:derby-config
		name="Derby_Connector"
		url="jdbc:derby:memory:muleEmbeddedDB;create=true"
		doc:name="Derby Configuration" />

	<jms:activemq-connector
		name="Active_MQ"
		brokerURL="vm://localhost"
		validateConnections="true"
		doc:name="Active MQ" />
    <ee:object-store-caching-strategy name="Caching_Strategy" keyGenerationExpression="#[flowVars.city]" doc:name="Caching Strategy">
        <managed-store storeName="fllights.derby" maxEntries="5" entryTTL="15000" expirationInterval="1000"/>
    </ee:object-store-caching-strategy>


	<flow name="mavenFlow">
		<http:listener
			config-ref="HTTP_Listener_Configuration"
			path="/hello"
			allowedMethods="GET"
			doc:name="HTTP" />
		<set-payload
			value="#['Hello Maven']"
			doc:name="Set Payload" />
	</flow>


	<flow name="retrieveFlights">
		<http:listener
			config-ref="HTTP_Listener_Configuration"
			path="/flights"
			allowedMethods="GET"
			doc:name="HTTP" />
        <set-variable variableName="city" value="#[message.inboundProperties.'http.query.params'.code]" doc:name="Variable"/>
        <ee:cache cachingStrategy-ref="Caching_Strategy" doc:name="Cache">
            <logger message="#['\n\n=====&gt; Checking for flights schedules for destination ----&gt; ' + flowVars.city + '\n\n']" level="INFO" doc:name="Logger"/>
            <db:select config-ref="Derby_Connector" doc:name="Database: Query Flights">
                <db:parameterized-query><![CDATA[SELECT * FROM flights WHERE DESTINATION = #[flowVars.city]]]></db:parameterized-query>
            </db:select>
        </ee:cache>
		<json:object-to-json-transformer doc:name="Object to JSON" />
        <set-property propertyName="#[&quot;Content-Type&quot;]" value="#[&quot;application/json&quot;]" doc:name="Property"/>
		<jms:outbound-endpoint
			queue="flights"
			connector-ref="Active_MQ"
			doc:name="sendToJMS" />
	</flow>


	<flow name="logFlightsFlow">
		<jms:inbound-endpoint
			queue="flights"
			connector-ref="Active_MQ"
			doc:name="recvFromJMS" />
		<logger
			message="#[payload]"
			level="INFO"
			doc:name="Logger" />
	</flow>


</mule>
